type,value
variable 1,-1.77631469
variable 1,1.646576323
variable 1,0.48881742
variable 1,-0.124094378
variable 1,-0.02358082
variable 1,0.063339223
variable 1,-1.120038778
variable 1,-0.588100796
variable 1,-0.910824156
variable 1,0.96212692
variable 1,-1.018693463
variable 1,-1.358756408
variable 1,1.244273852
variable 1,0.239585476
variable 1,-0.568272232
variable 1,-0.010342331
variable 1,0.953989539
variable 1,-1.606334184
variable 1,1.265666783
variable 1,-1.792054083
variable 1,0.718862571
variable 1,0.114161284
variable 1,0.766087333
variable 1,0.47796824
variable 1,-0.30772293
variable 1,-0.603045324
variable 1,-0.23486141
variable 1,1.027989965
variable 1,1.162531103
variable 1,0.232048324
variable 1,0.402099878
variable 1,-0.495800638
variable 1,-1.616928567
variable 1,-1.321676885
variable 1,0.303078123
variable 1,1.535449126
variable 1,-1.193213845
variable 1,-0.137873942
variable 1,-1.45163315
variable 1,-0.297258223
variable 1,0.105896281
variable 1,1.916942205
variable 1,-0.198328765
variable 1,1.677524916
variable 1,1.54854239
variable 1,-1.404039002
variable 1,-0.151513126
variable 1,1.910276966
variable 1,-0.365013104
variable 1,-0.435740938
variable 1,0.098741952
variable 1,-0.580780308
variable 1,0.01147393
variable 1,0.313340954
variable 1,0.174708918
variable 1,-0.502820174
variable 1,0.856420262
variable 1,-0.280404317
variable 1,1.31929387
variable 1,1.703635957
variable 1,-0.87277123
variable 1,-1.249014999
variable 1,-0.684326977
variable 1,-0.749948151
variable 1,0.505884184
variable 1,0.336252872
variable 1,-0.922477693
variable 1,0.100576236
variable 1,-0.164312402
variable 1,-0.37174259
variable 1,0.907189867
variable 1,0.609577357
variable 1,1.439036894
variable 1,-0.190630995
variable 1,0.309023483
variable 1,1.081844898
variable 1,0.198629973
variable 1,-0.75762075
variable 1,-0.340693621
variable 1,0.079741755
variable 1,1.78600647
variable 1,-0.498319615
variable 1,0.253613753
variable 1,0.396110675
variable 1,-0.43065352
variable 1,0.265039244
variable 1,0.260080321
variable 1,0.065273869
variable 1,-0.590794773
variable 1,0.838461892
variable 1,1.439606176
variable 1,0.649836011
variable 1,0.298419096
variable 1,0.421420032
variable 1,0.227899356
variable 1,0.692937493
variable 1,0.800267557
variable 1,-1.370791824
variable 1,0.24839939
variable 1,1.071591555
variable 1,0.692292655
variable 1,0.074861371
variable 1,-0.509022532
variable 1,0.688580369
variable 1,-1.142079613
variable 1,1.335224964
variable 1,0.646981157
variable 1,0.241457408
variable 1,1.112578067
variable 1,1.847463505
variable 1,-0.515519602
variable 1,-0.834718976
variable 1,1.127803245
variable 1,-1.428187551
variable 1,0.502994275
variable 1,-0.408036709
variable 1,-0.916053528
variable 1,0.171935069
variable 1,0.017735365
variable 1,-1.126994809
variable 1,0.5157138
variable 1,0.211497495
variable 1,-0.070384547
variable 1,0.477555349
variable 1,1.190750427
variable 1,0.438662436
variable 1,1.096814169
variable 1,1.046426384
variable 1,-0.35034058
variable 1,-0.504287804
variable 1,-0.357033894
variable 1,-0.279120762
variable 1,-0.142910807
variable 1,-0.649613057
variable 1,-1.595510385
variable 1,0.350312637
variable 1,-0.748651209
variable 1,0.549126733
variable 1,0.563648805
variable 1,1.278636999
variable 1,-1.050201326
variable 1,0.349456143
variable 1,-0.855291392
variable 1,1.217330219
variable 1,-0.27658216
variable 1,0.311667061
variable 1,-0.426473666
variable 1,2.574366797
variable 1,-0.306402843
variable 1,0.920823435
variable 1,1.779283104
variable 1,0.532089059
variable 1,-0.633622557
variable 1,-0.635607414
variable 1,-0.129625727
variable 1,-0.070737942
variable 1,0.840500221
variable 1,0.084238937
variable 1,0.932604325
variable 1,-1.189417408
variable 1,-0.895558679
variable 1,0.736684115
variable 1,-1.342837049
variable 1,-0.685773911
variable 1,0.013952273
variable 1,1.815918961
variable 1,1.032647575
variable 1,0.950339093
variable 1,0.038843226
variable 1,-1.349364495
variable 1,0.090885944
variable 1,1.140602918
variable 1,1.686556148
variable 1,-0.257686288
variable 1,0.779619719
variable 1,0.11663977
variable 1,0.146771422
variable 1,0.349030934
variable 1,-1.606960207
variable 1,-0.527450692
variable 1,0.654963302
variable 1,0.744371461
variable 1,-0.970162672
variable 1,-1.434698078
variable 1,0.781818276
variable 1,0.823496711
variable 1,-0.880534278
variable 1,1.236733866
variable 1,-0.174329126
variable 1,0.032035171
variable 1,-0.166233174
variable 1,1.902057784
variable 1,-0.786138132
variable 1,0.262080805
variable 1,0.291954355
variable 1,-0.508125906
variable 1,0.9058006
variable 1,1.210900807
variable 1,1.136509466
variable 1,0.047631522
variable 1,0.3470516
variable 1,0.111742783
variable 1,-0.821337479
variable 1,1.331141181
variable 1,-1.903543149
variable 1,1.127484183
variable 1,1.715750529
variable 1,-0.944940063
variable 1,-1.963905667
variable 1,-1.630839597
variable 1,0.654002493
variable 1,-1.554067646
variable 1,-1.74596275
variable 1,0.626530905
variable 1,0.103547479
variable 1,-0.240260656
variable 1,0.337912098
variable 1,-0.210724233
variable 1,-0.198800374
variable 1,1.697458447
variable 1,-0.448695425
variable 1,0.188948814
variable 1,0.696134904
variable 1,-1.134431999
variable 1,-0.527405473
variable 1,0.619124592
variable 1,-0.440673891
variable 1,0.425955895
variable 1,-0.025120076
variable 1,0.741147683
variable 1,-2.10158962
variable 1,-1.256567338
variable 1,-2.074669679
variable 1,-0.142487224
variable 1,1.503868869
variable 1,0.102302564
variable 1,0.922742092
variable 1,-1.34126567
variable 1,0.066535854
variable 1,0.50924566
variable 1,-1.512717433
variable 1,-0.407070362
variable 1,-0.457005018
variable 1,1.183112285
variable 1,0.7476305
variable 1,0.825267453
variable 1,1.024105895
variable 1,-0.067806353
variable 1,0.439645503
variable 1,1.192826436
variable 1,-1.089575611
variable 1,-1.142871103
variable 1,0.800297879
variable 1,0.706005333
variable 1,-0.196969544
variable 1,-0.100172766
variable 1,0.853232172
variable 1,1.281912082
variable 1,-0.045908599
variable 1,-1.296859631
variable 1,1.223054667
variable 1,-2.785933351
variable 1,0.357015257
variable 1,0.560681113
variable 1,0.43018887
variable 1,0.20939807
variable 1,-0.624053359
variable 1,-0.350092659
variable 1,0.361170355
variable 1,0.733625529
variable 1,-0.40944089
variable 1,0.384145742
variable 1,0.463646205
variable 1,0.509320772
variable 1,-0.347902984
variable 1,-0.833555623
variable 1,-0.928315063
variable 1,1.188002445
variable 1,1.859951976
variable 1,0.85337113
variable 1,-1.315746198
variable 1,-0.090579315
variable 1,0.055657649
variable 1,-0.189903458
variable 1,-1.800534
variable 1,0.314929092
variable 1,-0.936395259
variable 1,1.813450015
variable 1,-1.308494343
variable 1,1.454813215
variable 1,-3.505944217
variable 1,1.864985995
variable 1,2.615805705
variable 1,0.244160939
variable 1,-1.590408283
variable 1,-0.657119286
variable 1,1.114448081
variable 1,-0.75695699
variable 1,-2.165731179
variable 1,0.334368462
variable 1,0.127515074
variable 1,-0.669669113
variable 1,0.585390553
variable 1,0.348456258
variable 1,0.851253548
variable 1,1.017974345
variable 1,-1.804538126
variable 1,-1.291790865
variable 1,-1.718516903
variable 1,1.232917633
variable 1,0.192114835
variable 1,-1.287961679
variable 1,0.259613659
variable 1,-0.980505224
variable 1,-1.184482716
variable 1,-0.462754915
variable 1,-0.237140968
variable 1,0.625998927
variable 1,-0.614556525
variable 1,1.527853112
variable 1,-2.13101396
variable 1,0.678178127
variable 1,-0.715549322
variable 1,-0.026973333
variable 1,0.9602452
variable 1,1.007180937
variable 1,0.79455862
variable 1,1.517159826
variable 1,0.194986729
variable 1,-0.867360351
variable 1,-0.091398816
variable 1,-0.056738127
variable 1,1.576189003
variable 1,0.408958554
variable 1,-1.177314087
variable 1,0.147329556
variable 1,-0.711080651
variable 1,0.952091866
variable 1,1.035303798
variable 1,0.323605496
variable 1,-0.392341404
variable 1,-0.435304641
variable 1,-0.228510719
variable 1,-1.163510839
variable 1,-0.881261066
variable 1,-0.702746759
variable 1,-1.003353791
variable 1,2.207924505
variable 1,0.425077202
variable 1,-0.792647028
variable 1,0.77015275
variable 1,0.956281633
variable 1,-0.555920988
variable 1,0.943823533
variable 1,0.802353915
variable 1,0.452457187
variable 1,1.484447173
variable 1,0.575965659
variable 1,-0.053768791
variable 1,-0.393649257
variable 1,-0.54832601
variable 1,0.9138471
variable 1,0.256801026
variable 1,-0.642588585
variable 1,-2.411317395
variable 1,-1.577088478
variable 1,1.4715294
variable 1,1.235031606
variable 1,-1.305860196
variable 1,-0.618103015
variable 1,-0.721038405
variable 1,0.53459168
variable 1,0.408641347
variable 1,1.339098376
variable 1,-0.066719271
variable 1,1.07425969
variable 1,0.726486121
variable 1,-0.178628757
variable 1,-1.557345864
variable 1,0.814331625
variable 1,0.698428895
variable 1,0.251298515
variable 1,0.849758472
variable 1,0.694852874
variable 1,0.61118631
variable 1,-1.434592722
variable 1,0.128785789
variable 1,0.495702024
variable 1,2.510749164
variable 1,-0.482248627
variable 1,-0.134069113
variable 1,-1.3680603
variable 1,0.702598962
variable 1,0.2589106
variable 1,0.589391095
variable 1,0.026264251
variable 1,1.130573396
variable 1,1.079101897
variable 1,-2.43881479
variable 1,-0.746997308
variable 1,1.692308819
variable 1,-1.333205733
variable 1,1.484763854
variable 1,-1.091994846
variable 1,-0.818443438
variable 1,-1.048955552
variable 1,-0.593275958
variable 1,-0.9006087
variable 1,0.718550122
variable 1,0.244267143
variable 1,0.216210791
variable 1,1.062608295
variable 1,0.801209127
variable 1,1.095163182
variable 1,0.135512951
variable 1,-0.536360171
variable 1,-0.002188443
variable 1,-0.377929202
variable 1,0.209410419
variable 1,-0.056708539
variable 1,1.10412187
variable 1,0.668775408
variable 1,0.549229919
variable 1,0.2407449
variable 1,-0.503621585
variable 1,-0.533704367
variable 1,0.97593689
variable 1,0.154360663
variable 1,-0.356990402
variable 1,0.200014958
variable 1,-2.177169315
variable 1,1.145597854
variable 1,-0.553148126
variable 1,0.269782269
variable 1,0.127354472
variable 1,0.708799517
variable 1,-0.307474146
variable 1,1.345673402
variable 1,0.787033758
variable 1,-0.491209282
variable 1,-1.652918486
variable 1,0.023336382
variable 1,0.767319688
variable 1,-0.381012429
variable 1,-0.472108131
variable 1,0.757431753
variable 1,-0.653822071
variable 1,1.312199811
variable 1,-1.891016128
variable 1,-0.478066276
variable 1,1.952364051
variable 1,-0.398769179
variable 1,-2.037301314
variable 1,-0.419577516
variable 1,0.466747718
variable 1,-0.325162542
variable 1,-0.240425899
variable 1,1.642256381
variable 1,-0.590470884
variable 1,1.544998412
variable 1,0.919376077
variable 1,-0.946235577
variable 1,1.987503648
variable 1,-0.104496121
variable 1,0.211523205
variable 1,-0.506471755
variable 1,-0.683457029
variable 1,-0.600409091
variable 1,-0.836483344
variable 1,-0.139671173
variable 1,0.438545833
variable 1,0.140162903
variable 1,-1.201109111
variable 1,-1.777083599
variable 1,0.111208158
variable 1,-0.077332234
variable 1,-0.148505451
variable 1,-0.379423119
variable 1,0.343555462
variable 1,1.099499385
variable 1,-1.273481006
variable 1,-1.192238075
variable 1,1.871534442
variable 1,1.194493115
variable 1,0.722523091
variable 1,-0.031817222
variable 1,-0.198589073
variable 1,-1.060619823
variable 1,0.141612141
variable 1,-0.943999295
variable 1,-0.161573962
variable 1,2.646347693
variable 1,1.482629497
variable 1,-0.338623513
variable 1,1.220896133
variable 1,-0.634293086
variable 1,0.442385292
variable 1,-0.298724171
variable 1,1.055106872
variable 1,1.228132862
variable 1,0.656463265
variable 1,0.360115699
variable 1,-2.173584498
variable 1,-1.505904588
variable 1,-0.837406317
variable 1,0.051648584
variable 1,1.30960493
variable 1,-0.271783667
variable 1,1.070460701
variable 1,0.675448792
variable 1,1.588329868
variable 1,1.859958248
variable 1,-0.086300277
variable 1,-1.390520972
variable 1,-0.45228627
variable 1,0.564328427
variable 1,-0.416085258
variable 1,0.772625965
variable 1,-1.239516131
variable 1,-1.659374095
variable 1,1.235510591
variable 1,-0.478167301
variable 1,1.56143041
variable 1,0.864999613
variable 1,0.204634206
variable 1,0.286373324
variable 1,-2.075699734
variable 1,0.719118426
variable 1,2.480886058
variable 1,-0.678755632
variable 1,-1.239124167
variable 1,0.056546915
variable 1,-1.281673146
variable 1,0.594029496
variable 1,-0.598419553
variable 1,-1.205625899
variable 1,0.452490129
variable 1,-0.620200319
variable 1,-1.950186013
variable 1,-1.17105018
variable 1,0.084300902
variable 1,-1.390226985
variable 1,0.309077731
variable 1,0.155271656
variable 1,-0.292616057
variable 1,0.301810969
variable 1,-0.03722019
variable 1,0.358217778
variable 1,-0.307952851
variable 1,-0.515550868
variable 1,0.340734246
variable 1,-1.454496928
variable 1,2.015065916
variable 1,2.368514768
variable 1,0.673498416
variable 1,0.39559711
variable 1,1.254412706
variable 1,1.308173027
variable 1,-0.257135172
variable 1,-1.255407355
variable 1,0.827899047
variable 1,0.619205005
variable 1,2.342322232
variable 1,0.130147101
variable 1,0.397062732
variable 1,1.058085987
variable 1,-0.461205297
variable 1,-1.485145333
variable 1,1.927455739
variable 1,0.993305673
variable 1,1.653004523
variable 1,-0.428505662
variable 1,-2.014224865
variable 1,0.598436982
variable 1,1.890107844
variable 1,1.234199783
variable 1,-1.818944817
variable 1,0.932209241
variable 1,0.313888588
variable 1,-1.435677579
variable 1,-0.287092157
variable 1,1.373988032
variable 1,1.376960987
variable 1,-0.857054033
variable 1,0.4761707
variable 1,-0.179819112
variable 1,-1.359235225
variable 1,-1.350805555
variable 1,-1.114466131
variable 1,1.635338583
variable 1,0.751479017
variable 1,-0.723091269
variable 1,0.122740086
variable 1,1.228304024
variable 1,-0.521883897
variable 1,-1.49736107
variable 1,-0.889470837
variable 1,-0.560918623
variable 1,0.210800632
variable 1,0.716279388
variable 1,-0.415651237
variable 1,-0.953698329
variable 1,1.31934752
variable 1,-0.061969642
variable 1,1.343136199
variable 1,-0.292932505
variable 1,0.110486398
variable 1,-0.343858369
variable 1,-1.406062757
variable 1,1.424951803
variable 1,0.228682861
variable 1,-0.121139545
variable 1,2.086231243
variable 1,-0.932444852
variable 1,0.835049429
variable 1,2.866656488
variable 1,-0.727176365
variable 1,1.044040719
variable 1,-0.812841793
variable 1,-0.961741013
variable 1,0.340739443
variable 1,-1.078435201
variable 1,0.992115397
variable 1,0.101196777
variable 1,1.315041836
variable 1,0.262679742
variable 1,-0.848042449
variable 1,-0.822011786
variable 1,-2.756715934
variable 1,0.235086108
variable 1,-1.757442392
variable 1,1.536671508
variable 1,0.615300869
variable 1,2.471258255
variable 1,2.859885714
variable 1,-1.485324815
variable 1,1.196746617
variable 1,0.340910688
variable 1,-1.1600462
variable 1,-0.643644202
variable 1,-1.279265445
variable 1,0.378906749
variable 1,0.083154243
variable 1,0.041259299
variable 1,-0.472557574
variable 1,-0.495112648
variable 1,-2.887883519
variable 1,-0.468857292
variable 1,0.380633087
variable 1,-1.111318537
variable 1,1.464809326
variable 1,0.873771613
variable 1,-0.951421858
variable 1,0.448073369
variable 1,-0.045467969
variable 1,-0.642674812
variable 1,-1.287218238
variable 1,0.926392065
variable 1,0.261795806
variable 1,-1.241688855
variable 1,0.214463127
variable 1,1.616532746
variable 1,0.01054652
variable 1,-0.2830204
variable 1,-0.89531661
variable 1,1.677615109
variable 1,-0.777270547
variable 1,-1.128098468
variable 1,2.00245036
variable 1,-0.361331265
variable 1,-0.095048938
variable 1,-0.149432674
variable 1,0.183817005
variable 1,0.353282388
variable 1,-0.7476457
variable 1,1.126470747
variable 1,-1.148314727
variable 1,-1.356323075
variable 1,0.845581188
variable 1,-0.424235252
variable 1,1.387014739
variable 1,0.810573052
variable 1,0.759959788
variable 1,-0.399035632
variable 1,0.679693003
variable 1,-1.294462813
variable 1,0.982098324
variable 1,0.532587244
variable 1,1.077000587
variable 1,1.413255442
variable 1,0.811880318
variable 1,-0.527932509
variable 1,-1.148082141
variable 1,-0.670396961
variable 1,1.075343229
variable 1,-0.284944577
variable 1,0.632440306
variable 1,-1.917276756
variable 1,0.56418389
variable 1,-0.151407119
variable 1,-1.484108731
variable 1,-0.447659229
variable 1,-0.780923167
variable 1,-0.312472816
variable 1,-0.776090057
variable 1,-0.185972829
variable 1,0.608726946
variable 1,1.019672583
variable 1,0.749180941
variable 1,0.262663865
variable 1,0.745987134
variable 1,-0.551706119
variable 1,-0.261392814
variable 1,0.391510521
variable 1,-1.417468925
variable 1,0.494105309
variable 1,0.536431781
variable 1,0.602106741
variable 1,-0.572206683
variable 1,0.821334028
variable 1,-1.59228521
variable 1,0.014178277
variable 1,0.275205225
variable 1,-0.387743049
variable 1,0.133971888
variable 1,1.008780944
variable 1,-0.558062412
variable 1,-0.547623279
variable 1,0.014037579
variable 1,2.085141667
variable 1,0.16032624
variable 1,-1.812417499
variable 1,-0.207021446
variable 1,1.920607829
variable 1,0.075280425
variable 1,-1.248908326
variable 1,-0.220720797
variable 1,-0.058696399
variable 1,0.460375199
variable 1,-0.656008597
variable 1,0.532151536
variable 1,-0.908602729
variable 1,0.717314345
variable 1,0.121007155
variable 1,-0.599600154
variable 1,0.451207498
variable 1,0.152174807
variable 1,0.209477124
variable 1,0.433992299
variable 1,-1.290898258
variable 1,-1.611633541
variable 1,2.081652727
variable 1,0.493582942
variable 1,2.154583442
variable 1,-1.25936024
variable 1,-0.874885909
variable 1,-1.380241745
variable 1,-0.405261328
variable 1,-0.509524597
variable 1,0.200324932
variable 1,1.624600984
variable 1,-0.503163285
variable 1,1.646870565
variable 1,-0.203664327
variable 1,1.169785569
variable 1,0.76610439
variable 1,-0.614053724
variable 1,0.521655228
variable 1,0.16353085
variable 1,-0.570806046
variable 1,0.497586869
variable 1,-1.186053154
variable 1,-1.204704
variable 1,0.471154741
variable 1,-0.687473102
variable 1,-0.340944155
variable 1,-0.98009351
variable 1,-0.142747273
variable 1,-0.780563371
variable 1,0.590776402
variable 1,1.407753654
variable 1,-1.018235619
variable 1,1.832739041
variable 1,-0.857368193
variable 1,-0.43837418
variable 1,-0.57770687
variable 1,0.538238243
variable 1,-0.032656742
variable 1,-0.874452529
variable 1,-1.045991096
variable 1,0.420121618
variable 1,1.426482621
variable 1,-0.223177397
variable 1,-0.824705633
variable 1,0.308587743
variable 1,0.632073729
variable 1,0.913149903
variable 1,-0.615007524
variable 1,0.877215363
variable 1,0.516916838
variable 1,1.017259284
variable 1,-0.592963645
variable 1,-0.229654955
variable 1,1.678641254
variable 1,-0.129492938
variable 1,0.262188493
variable 1,-1.330804207
variable 1,-0.021982952
variable 1,0.912671935
variable 1,0.501417837
variable 1,0.326457529
variable 1,0.347999953
variable 1,-0.285975684
variable 1,-0.529904461
variable 1,0.32303544
variable 1,-0.832443604
variable 1,0.4317542
variable 1,0.905228758
variable 1,-1.028220211
variable 1,-1.864314159
variable 1,0.495288342
variable 1,-0.08012509
variable 1,0.133082658
variable 1,-0.453803617
variable 1,-1.038761836
variable 1,-0.318517744
variable 1,0.138228825
variable 1,-1.242462642
variable 1,-1.705067829
variable 1,0.141844371
variable 1,-1.272750089
variable 1,-0.043492484
variable 1,-0.919060687
variable 1,-0.886769576
variable 1,0.782037235
variable 1,1.859869791
variable 1,-0.216010798
variable 1,1.103226681
variable 1,0.341739822
variable 1,-1.177838024
variable 1,0.408162358
variable 1,0.632515813
variable 1,1.242352312
variable 1,-0.57171243
variable 1,-1.869900034
variable 1,-0.1640418
variable 1,-2.176241696
variable 1,1.824930863
variable 1,1.224787706
variable 1,1.810920805
variable 1,0.685270505
variable 1,-0.547620279
variable 1,0.142845528
variable 1,1.608743993
variable 1,-0.410793413
variable 1,0.96133396
variable 1,-1.050365102
variable 1,-0.80829908
variable 1,0.653763553
variable 1,0.353629615
variable 1,2.478130261
variable 1,-0.164991845
variable 1,0.382542071
variable 1,-1.090235666
variable 1,1.235323429
variable 1,1.555423592
variable 1,0.247594102
variable 1,1.397576414
variable 1,-0.724537549
variable 1,-0.873751177
variable 1,0.227340032
variable 1,1.817819287
variable 1,-0.240400425
variable 1,-0.660260746
variable 1,1.078733667
variable 1,-1.459299802
variable 1,0.842837768
variable 1,-1.084344025
variable 1,-0.148834434
variable 1,-1.4684426
variable 1,1.332605874
variable 1,0.514848876
variable 1,1.242318796
variable 1,0.225283424
variable 1,1.918775812
variable 1,1.763096889
variable 1,-2.329186709
variable 1,0.221417716
variable 1,-0.412521716
variable 1,-0.482495552
variable 1,-1.499405475
variable 1,-0.046260593
variable 1,1.728125012
variable 1,0.64969157
variable 1,0.369680075
variable 1,-1.871966229
variable 1,-0.260933044
variable 1,-0.615227665
variable 1,-0.331154076
variable 1,1.21057189
variable 1,-0.5763558
variable 1,-0.983753744
variable 1,0.056910797
variable 1,0.068303178
variable 1,-0.079743441
variable 1,0.097468829
variable 1,-1.055491864
variable 1,-2.125132204
variable 1,1.318930921
variable 1,0.593337633
variable 1,1.162327017
variable 1,1.181940291
variable 1,1.117555935
variable 1,0.867270654
variable 1,-0.412088909
variable 1,-0.877085117
variable 1,0.352550856
variable 1,1.046187717
variable 1,-0.184984159
variable 1,0.850192735
variable 1,-0.165300514
variable 1,0.97128682
variable 1,0.085894266
variable 1,-1.744548954
variable 1,2.399456426
variable 1,-6.12E-05
variable 1,-0.081660875
variable 1,-1.662274871
variable 1,-1.572169983
variable 1,-0.410901471
variable 1,-1.073551707
variable 1,0.470081101
variable 1,-1.25894798
variable 1,-0.303300735
variable 1,-3.264023782
variable 1,1.20767932
variable 1,1.209540053
variable 1,-1.666796408
variable 1,0.638225236
variable 1,0.796098327
variable 1,-0.268470584
variable 1,-0.594943615
variable 1,-0.918766799
variable 1,-1.087820288
variable 1,0.129658123
variable 1,0.486383502
variable 1,-0.213078611
variable 1,0.362871929
variable 1,-1.250664238
variable 1,0.251364121
variable 1,0.220617232
variable 1,-2.110665922
variable 1,0.421331802
variable 1,-0.484780208
variable 1,1.700444007
variable 1,2.355128074
variable 1,-1.253976259
variable 1,-0.503285063
variable 1,0.436976296
variable 1,0.615523527
variable 1,0.138728714
variable 1,1.144759937
variable 1,-0.950579961
variable 1,0.473700264
variable 1,2.285460326
variable 1,0.050328691
variable 1,1.51349622
variable 1,-0.014129093
variable 1,-0.546444986
variable 1,-0.008459014
variable 1,-1.455942642
variable 1,-0.424389887
variable 1,-0.357267062
variable 1,0.097998796
variable 1,-0.383695677
variable 1,0.811120042
variable 1,-1.232215093
variable 1,1.017530938
variable 1,-0.499592089
variable 1,1.223523711
variable 1,-0.129659566
variable 1,-0.279517028
variable 1,-0.577580237
variable 1,0.832641296
variable 1,-0.664285542
variable 1,1.223925953
variable 1,1.294487824
variable 1,-0.26966869
variable 1,1.498232845
variable 1,-1.093295773
variable 1,-0.837536361
variable 1,-0.850635128
variable 1,-1.248088139
variable 1,-0.778730462
variable 1,-0.666522485
variable 1,0.635452586
variable 1,-0.479578977
variable 1,-1.062516457
variable 1,-1.863119007
variable 1,0.395935082
variable 2,1.927157038
variable 2,3.011750051
variable 2,2.292864707
variable 2,4.165202669
variable 2,3.771759416
variable 2,4.56319388
variable 2,4.442659811
variable 2,3.858722718
variable 2,2.920216711
variable 2,3.668990288
variable 2,4.050298352
variable 2,2.775046971
variable 2,2.919004778
variable 2,5.418247826
variable 2,2.967209905
variable 2,5.525391209
variable 2,2.828796411
variable 2,3.943647759
variable 2,3.306727783
variable 2,6.197697923
variable 2,5.112322196
variable 2,2.198849618
variable 2,4.631626169
variable 2,5.061141378
variable 2,4.986521987
variable 2,5.001220901
variable 2,3.3645488
variable 2,4.536072125
variable 2,4.586557417
variable 2,5.125144568
variable 2,4.522820416
variable 2,3.959003619
variable 2,5.298545899
variable 2,3.18425199
variable 2,6.110506701
variable 2,4.433504847
variable 2,4.688499008
variable 2,2.066614465
variable 2,3.091566339
variable 2,4.522068026
variable 2,4.281955808
variable 2,2.541462157
variable 2,5.619126637
variable 2,4.406610856
variable 2,2.868892299
variable 2,3.612314741
variable 2,4.034966814
variable 2,3.814434479
variable 2,2.806332617
variable 2,5.034882208
variable 2,4.377957316
variable 2,2.51294241
variable 2,4.772061535
variable 2,2.798121051
variable 2,4.251540262
variable 2,5.28822247
variable 2,2.998027336
variable 2,4.457247944
variable 2,3.718381736
variable 2,4.758301655
variable 2,2.830483427
variable 2,3.429751123
variable 2,2.629514092
variable 2,6.581769929
variable 2,4.655850126
variable 2,4.447849328
variable 2,3.097458743
variable 2,3.556151184
variable 2,4.319873341
variable 2,3.221732884
variable 2,3.396286269
variable 2,2.66900554
variable 2,4.932179891
variable 2,3.113874145
variable 2,3.665807178
variable 2,5.053526221
variable 2,4.956669705
variable 2,3.176949329
variable 2,3.778974073
variable 2,2.512472757
variable 2,4.43142152
variable 2,2.667076777
variable 2,3.18870034
variable 2,5.171562196
variable 2,2.995856774
variable 2,3.55401495
variable 2,4.530419967
variable 2,3.616614365
variable 2,5.3319935
variable 2,4.624985502
variable 2,3.800268784
variable 2,1.879721099
variable 2,3.069087238
variable 2,2.519733093
variable 2,3.716528325
variable 2,4.023435954
variable 2,2.75307872
variable 2,4.031883685
variable 2,5.612804277
variable 2,5.73728195
variable 2,4.633102783
variable 2,3.271269477
variable 2,3.089817985
variable 2,4.820785728
variable 2,3.558938192
variable 2,5.136064135
variable 2,2.851280221
variable 2,2.415110032
variable 2,4.838952656
variable 2,5.409566681
variable 2,4.473468614
variable 2,4.519496643
variable 2,4.727392259
variable 2,3.310469552
variable 2,3.688765407
variable 2,4.239786307
variable 2,3.434140208
variable 2,4.160086577
variable 2,2.68837859
variable 2,3.968258594
variable 2,5.970159004
variable 2,4.58438041
variable 2,4.291463066
variable 2,2.681994417
variable 2,3.398299461
variable 2,6.185621216
variable 2,4.142514462
variable 2,3.097084467
variable 2,6.168723342
variable 2,4.206896578
variable 2,5.122323736
variable 2,4.803672499
variable 2,6.071216443
variable 2,5.211728128
variable 2,3.348214175
variable 2,5.476400848
variable 2,4.150615808
variable 2,2.230108497
variable 2,4.960246605
variable 2,3.35807631
variable 2,4.574042545
variable 2,4.218166684
variable 2,4.31115388
variable 2,3.144712117
variable 2,4.237776398
variable 2,3.691143597
variable 2,3.38126801
variable 2,5.275948018
variable 2,3.378094506
variable 2,4.266559092
variable 2,4.096100211
variable 2,1.311210942
variable 2,4.743737034
variable 2,5.427192714
variable 2,4.032362226
variable 2,5.304054928
variable 2,2.906133726
variable 2,3.123176669
variable 2,3.04047992
variable 2,4.8132919
variable 2,4.182879479
variable 2,5.320368911
variable 2,6.125669464
variable 2,4.229010629
variable 2,5.898023108
variable 2,3.208468422
variable 2,4.490766762
variable 2,4.754559761
variable 2,4.272113431
variable 2,3.921736035
variable 2,3.780993601
variable 2,4.146588382
variable 2,3.962649954
variable 2,3.726260775
variable 2,2.804840509
variable 2,5.059240056
variable 2,4.962547846
variable 2,3.145212626
variable 2,4.414177056
variable 2,3.904811414
variable 2,3.518422004
variable 2,4.523984132
variable 2,4.008543562
variable 2,4.849451249
variable 2,5.010187808
variable 2,4.337947189
variable 2,5.106201795
variable 2,4.137691351
variable 2,1.700642836
variable 2,4.714563329
variable 2,4.940606067
variable 2,5.25686538
variable 2,4.128435267
variable 2,3.497724579
variable 2,3.884637145
variable 2,3.247828731
variable 2,3.929982037
variable 2,2.225409977
variable 2,3.397199759
variable 2,4.645791723
variable 2,3.427607668
variable 2,3.302983403
variable 2,3.707140462
variable 2,3.460647793
variable 2,5.118149231
variable 2,4.278403731
variable 2,6.073357803
variable 2,2.79915575
variable 2,4.11263052
variable 2,5.467672954
variable 2,3.373806405
variable 2,4.20838461
variable 2,4.80971956
variable 2,2.724859896
variable 2,3.580005587
variable 2,4.30271258
variable 2,4.118387044
variable 2,2.958214643
variable 2,4.012256592
variable 2,4.606257153
variable 2,4.143741008
variable 2,3.180169526
variable 2,4.214283362
variable 2,3.720837329
variable 2,4.315792445
variable 2,4.08534688
variable 2,4.684921125
variable 2,3.398790385
variable 2,4.126715393
variable 2,2.643277658
variable 2,3.98380005
variable 2,6.669017388
variable 2,4.390958083
variable 2,4.442557711
variable 2,4.85619782
variable 2,4.573458823
variable 2,3.952004972
variable 2,4.372027657
variable 2,3.270763871
variable 2,4.595434042
variable 2,4.191750347
variable 2,3.874055832
variable 2,3.316970668
variable 2,1.755438947
variable 2,4.044006386
variable 2,4.732958125
variable 2,5.064882668
variable 2,4.714245888
variable 2,4.577144851
variable 2,3.382107125
variable 2,4.118622568
variable 2,3.066005075
variable 2,4.310065283
variable 2,5.069256294
variable 2,4.91155722
variable 2,4.592165635
variable 2,3.840085175
variable 2,2.809425013
variable 2,3.183830952
variable 2,4.552975623
variable 2,5.072722504
variable 2,3.465361478
variable 2,3.963595991
variable 2,4.831482517
variable 2,3.944141305
variable 2,4.08984553
variable 2,4.62832651
variable 2,3.232489615
variable 2,2.606454448
variable 2,4.153373772
variable 2,2.899817575
variable 2,4.500901008
variable 2,4.863084108
variable 2,2.963768083
variable 2,4.50471515
variable 2,3.866285163
variable 2,3.985016829
variable 2,4.750941089
variable 2,4.490402717
variable 2,2.625047376
variable 2,2.260026142
variable 2,5.802772931
variable 2,4.22063936
variable 2,3.079636442
variable 2,3.559769212
variable 2,5.704827917
variable 2,2.612377742
variable 2,3.345495653
variable 2,2.864396169
variable 2,3.723596792
variable 2,3.569157757
variable 2,3.742042005
variable 2,5.274600096
variable 2,4.738662679
variable 2,3.702193949
variable 2,3.524669247
variable 2,4.685993018
variable 2,3.330077159
variable 2,3.171042152
variable 2,3.201255472
variable 2,4.681720515
variable 2,3.65409629
variable 2,3.120513295
variable 2,3.884195218
variable 2,4.849097032
variable 2,5.542481266
variable 2,2.596639682
variable 2,3.856616801
variable 2,4.231910278
variable 2,5.625286898
variable 2,1.741070954
variable 2,6.070565088
variable 2,5.282761572
variable 2,4.75504967
variable 2,1.657722668
variable 2,4.130511701
variable 2,3.629615277
variable 2,3.790047754
variable 2,6.059858107
variable 2,3.873679546
variable 2,3.256000843
variable 2,4.703642486
variable 2,3.221723746
variable 2,2.605958023
variable 2,6.648069918
variable 2,2.731498074
variable 2,2.656358095
variable 2,3.678847641
variable 2,3.345467649
variable 2,1.567148699
variable 2,3.142873708
variable 2,3.831781349
variable 2,5.131205916
variable 2,4.74957859
variable 2,3.866579718
variable 2,2.818826179
variable 2,3.869370847
variable 2,2.940254144
variable 2,2.17209835
variable 2,2.704548963
variable 2,5.804316341
variable 2,3.573711358
variable 2,4.320760694
variable 2,4.101781987
variable 2,4.907676579
variable 2,3.905077378
variable 2,3.840409354
variable 2,4.591229741
variable 2,3.285898
variable 2,3.244697383
variable 2,2.660231198
variable 2,4.537467543
variable 2,4.223490633
variable 2,3.260181017
variable 2,4.427721523
variable 2,4.26228872
variable 2,5.16238856
variable 2,4.695235199
variable 2,2.930835946
variable 2,4.528819995
variable 2,3.892643889
variable 2,1.756654368
variable 2,3.064113783
variable 2,3.373756162
variable 2,3.331230715
variable 2,3.62058004
variable 2,3.640782322
variable 2,4.852878534
variable 2,3.143742125
variable 2,4.464602694
variable 2,3.085589111
variable 2,4.252999191
variable 2,5.443026721
variable 2,3.413257704
variable 2,4.927040154
variable 2,4.080508144
variable 2,1.252109563
variable 2,3.774439073
variable 2,4.014155343
variable 2,4.270158515
variable 2,4.683800309
variable 2,3.696897529
variable 2,4.264782548
variable 2,4.011170335
variable 2,4.708549414
variable 2,3.867972547
variable 2,3.05754203
variable 2,3.244330336
variable 2,5.838243341
variable 2,4.174003862
variable 2,2.744211553
variable 2,4.060215513
variable 2,3.479698413
variable 2,3.61368613
variable 2,4.095710678
variable 2,4.447425817
variable 2,4.545316369
variable 2,3.2891135
variable 2,4.452163659
variable 2,3.214312375
variable 2,3.361228229
variable 2,2.924395544
variable 2,3.774415782
variable 2,3.769705035
variable 2,2.778528116
variable 2,2.425824674
variable 2,5.153961549
variable 2,3.904791107
variable 2,4.780699904
variable 2,4.212675345
variable 2,2.741361233
variable 2,3.278139456
variable 2,5.298482227
variable 2,5.325145866
variable 2,3.825105085
variable 2,4.813685723
variable 2,3.673469538
variable 2,5.176433824
variable 2,3.452553132
variable 2,3.450951901
variable 2,2.956602298
variable 2,3.765661727
variable 2,4.645647068
variable 2,3.806243285
variable 2,4.624424857
variable 2,5.220136668
variable 2,4.706277564
variable 2,3.777160504
variable 2,3.733174011
variable 2,4.491675981
variable 2,4.820686282
variable 2,2.966899291
variable 2,3.350817244
variable 2,4.56613624
variable 2,4.263271602
variable 2,2.851803119
variable 2,4.749479257
variable 2,4.094326905
variable 2,3.616544948
variable 2,4.460166963
variable 2,4.769462048
variable 2,2.2436246
variable 2,4.566750175
variable 2,1.644266674
variable 2,3.463447154
variable 2,2.4987438
variable 2,4.956874191
variable 2,4.792526436
variable 2,3.520671381
variable 2,2.395998025
variable 2,4.330086206
variable 2,3.200341967
variable 2,2.978384147
variable 2,2.450502134
variable 2,3.383365749
variable 2,4.068773703
variable 2,2.099173179
variable 2,2.720716588
variable 2,3.32571138
variable 2,4.467161527
variable 2,3.120058663
variable 2,4.515884464
variable 2,2.677204415
variable 2,5.835569406
variable 2,4.159600265
variable 2,3.704912859
variable 2,4.610008557
variable 2,2.438949668
variable 2,2.78899039
variable 2,3.614048483
variable 2,4.480888192
variable 2,3.959041261
variable 2,5.720712576
variable 2,3.832880826
variable 2,4.345223619
variable 2,4.309934294
variable 2,4.226293321
variable 2,3.427519485
variable 2,3.200669412
variable 2,3.1366024
variable 2,2.727293549
variable 2,4.97789148
variable 2,4.544074069
variable 2,4.144242423
variable 2,3.549723992
variable 2,4.298537779
variable 2,4.175038322
variable 2,4.336649342
variable 2,5.083118463
variable 2,3.388333359
variable 2,2.611619742
variable 2,3.699463366
variable 2,5.081487577
variable 2,4.12068908
variable 2,5.013521836
variable 2,4.580810609
variable 2,2.875991424
variable 2,5.041538176
variable 2,4.200382255
variable 2,5.362615703
variable 2,3.917750129
variable 2,3.460737194
variable 2,3.171499002
variable 2,5.721440699
variable 2,4.740235831
variable 2,4.021682505
variable 2,4.310501629
variable 2,5.608003928
variable 2,3.286495023
variable 2,3.233856797
variable 2,5.344342895
variable 2,3.40729796
variable 2,3.850764846
variable 2,3.357459259
variable 2,3.536722283
variable 2,3.208333255
variable 2,4.533387749
variable 2,5.581044041
variable 2,4.637114439
variable 2,5.332506402
variable 2,2.178521511
variable 2,4.606684636
variable 2,4.131310904
variable 2,4.432554424
variable 2,4.361747652
variable 2,2.78919242
variable 2,4.236835347
variable 2,3.116802743
variable 2,3.842278274
variable 2,5.129583413
variable 2,4.457648967
variable 2,5.507886309
variable 2,3.248783061
variable 2,2.951676403
variable 2,4.04151694
variable 2,3.313690696
variable 2,3.547054996
variable 2,2.995758037
variable 2,4.151223101
variable 2,4.607802441
variable 2,3.405621947
variable 2,5.558550953
variable 2,0.99026898
variable 2,3.791472478
variable 2,5.207779964
variable 2,4.881077061
variable 2,3.983948898
variable 2,4.675782033
variable 2,2.237830448
variable 2,4.559414611
variable 2,5.128606457
variable 2,4.913500825
variable 2,3.508164265
variable 2,4.221973989
variable 2,3.380371163
variable 2,4.943344955
variable 2,3.945066769
variable 2,4.388552687
variable 2,4.15750219
variable 2,4.663858711
variable 2,2.100611488
variable 2,2.912737937
variable 2,4.148008102
variable 2,2.644385606
variable 2,4.176025398
variable 2,3.691854446
variable 2,4.19443845
variable 2,2.44564582
variable 2,5.642138236
variable 2,4.998736217
variable 2,3.927529759
variable 2,3.10885229
variable 2,5.007928281
variable 2,4.362116087
variable 2,2.890544023
variable 2,3.953736805
variable 2,4.262063422
variable 2,4.473321732
variable 2,3.763508775
variable 2,3.192402355
variable 2,2.977661243
variable 2,3.676129485
variable 2,5.161998252
variable 2,2.670503067
variable 2,4.374988344
variable 2,3.033563749
variable 2,2.464979437
variable 2,3.286688445
variable 2,3.393845228
variable 2,5.214327439
variable 2,5.483219532
variable 2,4.90530559
variable 2,2.792010776
variable 2,3.734212609
variable 2,3.03180818
variable 2,5.465050372
variable 2,4.305970554
variable 2,2.895816966
variable 2,3.993724035
variable 2,3.761372112
variable 2,3.954938037
variable 2,2.932611627
variable 2,4.78315789
variable 2,4.610118268
variable 2,3.629335275
variable 2,4.49372944
variable 2,4.503670358
variable 2,4.262144351
variable 2,4.779883352
variable 2,5.022560165
variable 2,4.329655402
variable 2,4.197474529
variable 2,2.796234623
variable 2,3.516006764
variable 2,4.958199196
variable 2,4.264965507
variable 2,3.199548553
variable 2,5.833196673
variable 2,3.072781658
variable 2,2.84305983
variable 2,3.931039685
variable 2,3.693948005
variable 2,5.060673748
variable 2,4.116122737
variable 2,4.771073096
variable 2,5.834427868
variable 2,6.206100226
variable 2,2.946437791
variable 2,4.826498985
variable 2,5.238382498
variable 2,2.713342061
variable 2,3.637186989
variable 2,4.537284982
variable 2,3.630015148
variable 2,1.539255714
variable 2,4.257553288
variable 2,4.036478406
variable 2,4.804173256
variable 2,4.906491249
variable 2,3.83265807
variable 2,4.648294958
variable 2,4.117786859
variable 2,2.975783452
variable 2,2.096050023
variable 2,4.362265322
variable 2,4.026088733
variable 2,6.228245061
variable 2,3.449894379
variable 2,3.298354088
variable 2,4.326249594
variable 2,4.903226669
variable 2,4.387041392
variable 2,4.207121626
variable 2,4.358206683
variable 2,3.725068635
variable 2,4.037280466
variable 2,3.528556157
variable 2,4.621585141
variable 2,5.837050605
variable 2,4.613122418
variable 2,4.933343059
variable 2,3.29186855
variable 2,4.852634497
variable 2,4.089513927
variable 2,2.832067944
variable 2,6.691178926
variable 2,6.126758105
variable 2,2.047822443
variable 2,5.222823073
variable 2,5.763758315
variable 2,5.215237141
variable 2,4.682307603
variable 2,3.110620121
variable 2,3.885466209
variable 2,4.691774924
variable 2,3.962194778
variable 2,4.866458825
variable 2,3.445455408
variable 2,3.519411472
variable 2,4.985618251
variable 2,5.215227971
variable 2,4.165376994
variable 2,4.131189321
variable 2,5.134320823
variable 2,3.65933116
variable 2,4.232232626
variable 2,4.099283588
variable 2,3.930131424
variable 2,3.836154728
variable 2,3.913729136
variable 2,4.581097502
variable 2,3.617125665
variable 2,2.719653923
variable 2,5.421381326
variable 2,2.331424253
variable 2,3.175872638
variable 2,3.233442696
variable 2,3.113919883
variable 2,5.119134835
variable 2,2.240561104
variable 2,3.394731264
variable 2,5.03211256
variable 2,3.542512295
variable 2,3.520368002
variable 2,2.625880368
variable 2,3.520800343
variable 2,5.29202249
variable 2,3.37053218
variable 2,3.468161201
variable 2,3.453618867
variable 2,2.34381324
variable 2,2.563648738
variable 2,4.710288125
variable 2,1.880510236
variable 2,5.474166816
variable 2,4.647647052
variable 2,4.370432661
variable 2,4.169924563
variable 2,3.58220181
variable 2,4.536745596
variable 2,3.529928509
variable 2,1.828910324
variable 2,3.075353662
variable 2,4.269232929
variable 2,3.520098739
variable 2,5.770010613
variable 2,3.42181255
variable 2,4.844961273
variable 2,3.567613581
variable 2,4.534819631
variable 2,5.600318532
variable 2,2.924063121
variable 2,4.390992442
variable 2,6.016125823
variable 2,3.615998412
variable 2,4.111189153
variable 2,3.9118029
variable 2,3.468582507
variable 2,4.464457824
variable 2,2.675079891
variable 2,4.461178392
variable 2,4.746963763
variable 2,3.418486291
variable 2,3.244541136
variable 2,4.57129072
variable 2,2.823325503
variable 2,2.787262397
variable 2,1.476871358
variable 2,3.735777154
variable 2,4.394684795
variable 2,4.474305912
variable 2,4.3530399
variable 2,2.663545181
variable 2,3.81924054
variable 2,3.38443029
variable 2,3.756292222
variable 2,6.964233112
variable 2,3.896959414
variable 2,4.582856312
variable 2,4.985209793
variable 2,3.502148194
variable 2,3.538312504
variable 2,2.295249642
variable 2,3.963359158
variable 2,1.449323687
variable 2,4.218136748
variable 2,4.749795747
variable 2,4.717543566
variable 2,5.497149106
variable 2,4.79309947
variable 2,4.615733969
variable 2,2.563320206
variable 2,2.955484919
variable 2,3.772302905
variable 2,4.981437855
variable 2,3.563639893
variable 2,3.550653968
variable 2,4.739376511
variable 2,4.302318405
variable 2,2.604133194
variable 2,2.066132504
variable 2,5.136255371
variable 2,3.481361543
variable 2,6.475175218
variable 2,2.9273144
variable 2,5.045511331
variable 2,2.863517135
variable 2,4.752346441
variable 2,4.278915486
variable 2,2.6961837
variable 2,6.311345372
variable 2,4.04166938
variable 2,1.62504378
variable 2,3.461712519
variable 2,3.618866499
variable 2,4.260041366
variable 2,5.508781884
variable 2,3.017238477
variable 2,3.704552066
variable 2,2.446927479
variable 2,3.054533046
variable 2,3.019711311
variable 2,3.768722499
variable 2,2.878612115
variable 2,4.662804316
variable 2,3.732971147
variable 2,2.944801897
variable 2,3.091189731
variable 2,5.152459793
variable 2,3.624744153
variable 2,3.257819463
variable 2,4.882905961
variable 2,2.723296199
variable 2,3.309406731
variable 2,2.832546857
variable 2,4.037092895
variable 2,3.315215828
variable 2,4.262697555
variable 2,4.204629895
variable 2,4.307282302
variable 2,3.478991573
variable 2,5.427738215
variable 2,4.132584469
variable 2,3.256682261
variable 2,3.849104255
variable 2,4.317412874
variable 2,4.38739169
variable 2,5.770474945
variable 2,4.487525819
variable 2,3.851622442
variable 2,3.968205774
variable 2,5.254749899
variable 2,4.117470268
variable 2,6.027952452
variable 2,2.914136923
variable 2,5.079800583
variable 2,4.737013182
variable 2,4.121638986
variable 2,5.558539145
variable 2,3.910186683
variable 2,1.89122749
variable 2,5.832834161
variable 2,4.618936188
variable 2,3.964846433
variable 2,3.241060942
variable 2,4.756062151
variable 2,4.783935156
variable 2,4.821756652
variable 2,2.711194528
variable 2,3.42115846
variable 2,2.772480469
variable 2,4.173290044
variable 2,2.198667632
variable 2,4.110896652
variable 2,4.620338453
variable 2,4.316591449
variable 2,1.903408389
variable 2,2.520005178
variable 2,4.865913885
variable 2,3.765139743
variable 2,4.156031411
variable 2,4.169392002
variable 2,4.275033585
variable 2,4.1704475
variable 2,3.984535909
variable 2,4.909821744
variable 2,6.095072324
variable 2,6.061516085
variable 2,4.727109768
variable 2,4.217314812
variable 2,1.544424496
variable 2,4.122653524
variable 2,3.480342299
variable 2,5.276396711
variable 2,1.985601506
variable 2,5.275453457
variable 2,3.481015866
variable 2,3.625529301
variable 2,5.888239217
variable 2,4.50198025
variable 2,3.762317252
variable 2,2.788422351
variable 2,4.21411046
variable 2,3.412955766
variable 2,5.105698226
variable 2,3.293224293
variable 2,4.165847204
variable 2,4.978122903
variable 2,3.297738099
variable 2,4.815127172
variable 2,3.607775981
variable 2,6.152260062
variable 2,3.825017658
variable 2,2.173179667
variable 2,2.627141895
variable 2,3.89834232
variable 2,4.353211473
variable 2,4.214520454
variable 2,3.313823862
variable 2,2.651490539
variable 2,2.262540479
variable 2,3.99399557
variable 2,5.141632736
variable 2,5.016222913
variable 2,2.478361578
variable 2,4.518930482
variable 2,5.556120763
variable 2,4.960738878
variable 2,4.678268641
variable 2,6.410241648
variable 2,3.810554349
variable 2,3.936406208
variable 2,2.262520313
variable 2,2.603571839
variable 2,4.820683886
variable 2,3.925270468
variable 2,4.141244221
variable 2,4.639423621
variable 2,4.070014807
variable 2,2.686091415
variable 2,4.914137045
variable 2,2.528074256
variable 2,2.794841462
variable 2,3.61327624
variable 2,3.905091973
variable 2,4.635279656
variable 2,2.598945462
variable 2,4.730001415
variable 2,4.888784689
variable 2,4.197742107
variable 2,4.677614724
variable 2,4.719893234
variable 2,3.96316282
variable 2,5.411237735
variable 2,3.297470907
variable 2,4.285182401
variable 2,3.122465719
variable 2,2.367693341
variable 2,4.611351056
variable 2,5.212764752
variable 2,3.865112182
variable 2,6.174787264
variable 2,2.00766011
variable 2,3.306684326
variable 2,3.881548467
variable 2,6.405126077
variable 2,4.1258839
variable 2,4.27511445
variable 2,4.40500192
variable 2,4.786234546
variable 2,3.918621381
variable 2,6.13753167
variable 2,3.823883268
variable 2,5.185757767
variable 2,3.850348432
variable 2,3.15976625
variable 2,3.935096203
variable 2,2.524246082
variable 2,3.115908046
variable 2,5.459497437
variable 2,4.426187589
variable 2,3.075961658
variable 2,3.487627732
variable 2,4.274115765
variable 2,4.348364942
variable 2,1.997729463
variable 2,3.424399774
variable 2,4.407505166
variable 2,3.95409751
variable 2,3.747394878
variable 2,2.438252605
variable 2,4.066270711
variable 2,4.646346608
variable 2,3.470659696
variable 2,3.460274702
variable 2,3.196356592
variable 2,6.361536407
variable 2,5.246046086
variable 2,4.058235718
variable 2,5.224803527
variable 2,5.821797575
variable 2,2.011366915
variable 2,5.391517468
variable 2,3.640301379
variable 2,3.790467674
variable 2,3.03839503
variable 2,3.108283353
variable 2,2.8061829
variable 2,3.605781218
variable 2,3.985654718
variable 2,4.250107033
variable 2,5.599696952
variable 2,5.316339762
variable 2,3.142035578
variable 2,2.783392607
variable 2,3.788804983
variable 2,3.261170293
variable 2,4.234145014
variable 2,3.173533365
variable 2,3.387917819
